currency,best_model,MAE,RMSE,MAPE,AIC
Ex_rate,SES,0.17763811683047734,0.20535637717674138,22.78885648150685,-62659.34210652985
